"Question","Answer"
"How do I book an appointment?","You can book an appointment online through our website."
"What should I bring for my first visit?","For your first visit, please bring a valid government-issued ID, your insurance details (if applicable), and any previous medical records related to your condition."
"Can I reschedule my appointment?","Yes, you can reschedule your appointment through the online portal or by contacting our customer support at least 24 hours in advance."
"Are walk-in appointments available?","Walk-in appointments are subject to availability. We recommend booking in advance to ensure a confirmed slot."
"What payment methods are accepted?","We accept cash, credit/debit cards, and digital payment options like UPI and mobile wallets."
"How do I check a doctor's availability?","You can check a doctor's availability using our online appointment system, which is updated in real time based on their schedule."
"Can I consult a doctor online?","Yes, we offer teleconsultations with doctors. You can book an online consultation via our website."
"What happens if I miss my appointment?","If you miss your appointment, you can reschedule through our platform. However, repeated no-shows may result in a cancellation fee."
"How are doctors assigned to patients?","Our AI-powered system matches patients with the most suitable available doctor based on their symptoms, specialty, and preferred consultation time."
"Is emergency care available?","Yes, our hospital provides 24/7 emergency care. In case of a medical emergency, please visit the emergency department immediately."
"Can I choose my preferred doctor?","Yes, you can choose your preferred doctor based on availability. Our online system allows you to filter by specialty, experience, and consultation fees."
"How long is the average waiting time?","Waiting times vary, but our AI system optimizes schedules to reduce delays. You can check estimated waiting times through our app."
"Do you offer reminders for appointments?","Yes, we send automated reminders via SMS, email, and app notifications to ensure you don’t miss your appointment."
"What are the consultation fees?","Consultation fees vary by doctor and specialty. You can find detailed pricing information on our website or app."
"Can I access my medical records online?","Yes, your medical records and prescriptions are securely stored in our system and can be accessed through your patient portal."
"Are there discounts for senior citizens?","Yes, we offer special discounts for senior citizens and individuals with government-issued healthcare cards."
"What is the cancellation policy?","You can cancel your appointment up to 24 hours in advance without a fee. Late cancellations may incur a small charge."
"How do I provide feedback on my experience?","You can provide feedback through our website. We value your input and use it to improve our services."
"Is my data secure in your system?","Yes, we follow strict data security protocols to ensure your medical records and personal information remain confidential and protected."
"How can I contact customer support?","You can reach our support team via phone, email, or live chat through our website."
"What is this doctor appointment booking platform?","This platform allows users to book doctor appointments online, offering in-person consultations."
"How does this platform work?","Users can search for doctors, view their availability, and book appointments online. They can also consult doctors"
"Do I need to create an account to book an appointment?","Yes, you need to create an account to book an appointment and manage your bookings."
"Is this service free to use?","Browsing and searching for doctors is free. However, consultation fees depend on the doctor."
"How do I register on the platform?","You can register by providing your name, email, and phone number, and setting a password."
"What information do I need to sign up?","You need your full name, email address, phone number, and a secure password."
"Can I use this platform without signing up?","You can browse doctors, but booking an appointment requires an account."
"How do I reset my password?","Use the 'Forgot Password' option on the login page to reset your password via email."
"Is my personal data safe on this platform?","Yes, we use encryption and security measures to protect your personal data."
"Can I access this platform on my mobile phone?","No, the platform is currently working on website."
"How do I book an appointment?","Search for a doctor, select an available slot, and confirm your booking."
"Can I choose a specific doctor?","Yes, you can search for a specific doctor by name or specialization."
"How do I find a doctor by specialization?","Use the search feature to filter doctors by their specialization."
"How do I check a doctor’s availability?","Doctor profiles display available slots for booking."
"How far in advance can I book an appointment?","You can book appointments up to 30 days in advance."
"Can I book multiple appointments at once?","Yes, you can book multiple appointments for different dates or doctors."
"What if I need an urgent appointment?","Use the 'urgent care' option to find available doctors for immediate consultation."
"What happens if the doctor is unavailable?","You can reschedule or choose another doctor."
"Can I book an appointment for someone else?","Yes, you can book on behalf of a family member or friend."
"Is there a limit to the number of appointments I can book?","There is no limit, but you cannot double-book the same time slot."
"How do I view my upcoming appointments?","Go to your profile and check the 'My Appointments' section."
"How do I reschedule an appointment?","Use the reschedule option in your appointment details."
"How do I cancel an appointment?","Go to your appointment details and select 'Cancel'."
"Will I get a refund if I cancel my appointment?","Refund policies depend on the doctor and platform terms."
"Can I change my appointment to a different doctor?","Yes, but you will need to cancel the existing appointment first."
"Can I change my appointment location?","Yes, if the doctor has multiple locations available."
"How do I know if my appointment is confirmed?","You will receive a confirmation email and notification."
"Can I get reminders for my appointments?","Yes, reminders are sent via email and SMS."
"What if I miss my appointment?","Missed appointments are subject to the doctor's policy."
"How do I provide feedback about an appointment?","Use the 'Leave Feedback' option in your appointment history."
"How can I find a doctor near me?","Use the location filter to find doctors near your area."
"How do I check a doctor’s qualifications?","Doctor profiles include their qualifications and experience."
"Can I see patient reviews about a doctor?","Yes, patient reviews and ratings are available on doctor profiles."
"How do I know if a doctor is available online?","No, Doctors are not available for online consultation."
"Do all doctors offer video consultations?","No"
"How do I contact a doctor before booking?","Some doctors allow pre-consultation chat, check their profile for options."
"Can I request a specific doctor?","Yes, you can search and book based on the doctor's availability."
"How do I know if a doctor is experienced in my condition?","Check the doctor's profile for specialties and patient feedback."
"Can I ask the doctor for a second opinion?","Yes, you can consult another doctor for a second opinion."
"Are the doctors on this platform verified?","Yes, all doctors are verified before they are listed."
"How do I pay for my appointment?","Payments can be made online using various methods."
"What payment methods do you accept?","We accept credit/debit cards, UPI, net banking, and wallets."
"Can I pay after the consultation?","Payment is usually required before booking, but some doctors may allow post-consultation payments."
"Do you offer refunds?","Refunds depend on the doctor's cancellation policy."
"Is my payment information secure?","Yes, we use encrypted payment gateways for security."
"Can I use health insurance for my appointment?","Some doctors accept health insurance, check with the provider."
"Do you provide invoices for consultations?","Yes, invoices are available in your account after the consultation."
"Are there any hidden charges?","No, all charges are displayed upfront."
"How to create an account?","You can register by providing your name, email, and phone number, and setting a password."
"Hello","Hello! How can I assist you today?"
"Hi","Hi there! How can I help you?"
"What is Cureit?","Cureit is a digital healthcare platform that optimizes doctor availability and appointment allocation using AI and digital technology to enhance patient experience and hospital efficiency."
"How it works","Cureit uses AI-driven algorithms to match patient needs with doctor availability, reducing wait times, managing schedules efficiently, and ensuring optimal resource utilization in healthcare facilities."
"Who are you?","Hello, I am your AI assistant, Feel free to ask any doubts related to CureIt."
"What should I do if I have a fever?","If you have a fever, please rest, stay hydrated, and monitor your temperature. If your symptoms persist or worsen, visit our website for further advice."
"When should I seek medical advice for my symptoms?","If your symptoms are severe, last more than a few days, or include additional concerns such as difficulty breathing, it's important to consult a doctor. For more guidance, please visit our website."
"How can I tell if a common cold is turning into something more serious?","While I'm not a doctor, a common cold usually involves mild symptoms like a runny nose and slight cough. However, if you experience high fever, severe headache, or difficulty breathing, please visit our website for advice on getting professional help."
"Is it safe to self-medicate for minor symptoms?","For minor symptoms, home remedies and over-the-counter medications may help. However, if your condition worsens or does not improve, please visit our website to learn when to seek professional care."
"What are the warning signs of an infection that require immediate attention?","Warning signs can include persistent high fever, severe pain, difficulty breathing, or confusion. If you experience any of these, please visit our website immediately for further assistance."
"What should I do if I suspect I have the flu?","If you suspect you have the flu, rest, stay hydrated, and monitor symptoms like fever or body aches. For a detailed guide on managing flu symptoms and when to seek help, please visit our website."
"How can I tell if my cough is something serious?","A mild cough is often harmless, but if it’s persistent, accompanied by chest pain, or produces unusual mucus, it’s worth checking out. You can find more information on identifying serious cough symptoms on our website."
"Can stress cause physical symptoms like headaches?","Yes, stress can definitely lead to headaches, muscle tension, or even fatigue. To learn more about how stress affects your body and how to manage it, check out our website."
"What should I do if I have a sore throat for more than a week?","A sore throat lasting over a week could signal something like an infection. Try soothing remedies like warm tea for now, and visit our website for advice on when to see a doctor."
"How do I know if my stomach pain is something to worry about?","Mild stomach pain is common, but if it’s severe, persistent, or paired with vomiting, it’s good to take action. You can find more details on stomach pain causes and next steps on our website."
"What are the symptoms of a urinary tract infection (UTI)?","Symptoms of a UTI often include a burning sensation when urinating, frequent urges to go, or cloudy urine. For a complete rundown and care tips, please visit our website."
"Is it normal to feel tired all the time?","Occasional tiredness is normal, but constant fatigue could point to something like poor sleep or a health issue. Visit our website for more insights and suggestions on boosting your energy."
"What should I do if I notice a rash that won’t go away?","A persistent rash could be due to allergies or an infection—keep it clean and avoid scratching. For more guidance on rashes and when to seek care, check our website."
"How can I tell if my fever is dangerous?","A low-grade fever is usually manageable, but if it spikes above 103°F (39.4°C) or lasts several days, it’s worth attention. Visit our website for a helpful fever checklist and advice."
"What are the signs of high blood pressure I should know about?","High blood pressure can be sneaky, but look out for headaches, dizziness, or nosebleeds. For more on monitoring and managing it, please visit our website."
"Can allergies cause breathing problems?","Yes, allergies can sometimes lead to wheezing or shortness of breath, especially with triggers like pollen. Learn more about allergy symptoms and relief options on our website."
"What should I do if I think I have an ear infection?","For a possible ear infection, keep the area dry and avoid inserting anything into your ear. Visit our website for more info on symptoms and treatment options."
"How do I recognize the symptoms of arthritis?","Arthritis often brings joint pain, stiffness, or swelling, especially in the mornings. For a deeper dive into arthritis signs and care, please visit our website."
"What can I do about frequent heartburn?","Frequent heartburn can often be eased with diet changes or over-the-counter remedies. For tips on managing heartburn and when to seek help, please visit our website."
"What should I do if I feel sick and weak?","Feeling sick and weak can be tough—rest up, sip some water, and keep an eye on how you’re feeling. Visit our website for more tips on handling weakness and illness."
"How do I deal with nausea and vomiting?","For nausea and vomiting, try small sips of water and avoid heavy foods. If it keeps up, check our website for advice on what to do next."
"What can I do about diarrhea?","Diarrhea can dehydrate you, so drink plenty of fluids and eat bland foods like rice. For more remedies and when to seek help, visit our website."
"Why do I feel dizzy all of a sudden?","Sudden dizziness could be from dehydration or standing up too fast. Take it slow and hydrate—our website has more info on causes and care."
"What should I do if I have chest pain?","Chest pain can vary from minor to serious—rest and monitor it. If it’s sharp or with breathing issues, visit our website right away for guidance."
"How do I handle a muscle ache or cramp?","For a muscle ache or cramp, gentle stretching and a warm compress can help. Check our website for more ways to ease the discomfort."
"What if I’m sweating and have chills?","Sweating with chills might mean your body’s fighting something off. Stay warm and hydrated—our website has more details on what to watch for."
"Why do I feel tingling or numb in my hands?","Tingling or numbness could be from sitting too long or something else. Shake it out and see if it passes—visit our website for more insights."
"What should I do if I’m bleeding from a small injury?","For a small injury with bleeding, apply pressure with a clean cloth. If it won’t stop, our website has steps to follow."
"How do I treat a burn at home?","For a minor burn, cool it under running water and cover it lightly. Visit our website for a full guide on burn care and when to get help."
"What can I do about an itchy rash?","An itchy rash can be annoying—try not to scratch and use a cool cloth. Our website has more tips on soothing it and spotting allergies."
"Why do I have swelling in my legs?","Swelling in your legs might be from standing a lot or something else. Elevate them and rest—check our website for causes and advice."
"What if I’m having trouble breathing?","Trouble breathing needs attention—sit upright and try to relax. If it’s severe, visit our website immediately for next steps."
"How do I know if I have a high temperature?","A high temperature means you might feel hot or shivery—use a thermometer if you have one. Our website has a fever guide to help."
"What should I do if I feel unwell and tired?","Feeling unwell and tired can slow you down—rest and drink fluids. For more ways to feel better, visit our website."
"How do I stop a headache from getting worse?","To keep a headache at bay, rest in a quiet spot and hydrate. Our website has more tricks to try if it sticks around."
"What if my throat hurts when I swallow?","A sore throat when swallowing can be rough—gargle with warm salt water for relief. Visit our website for more soothing ideas."
"Why do my joints feel stiff and painful?","Stiff, painful joints might ease with gentle movement or heat. For more on joint care, check out our website."
"What should I do if I keep feeling bad?","If you keep feeling bad, take it easy and listen to your body. Our website has advice on when to see a doctor."
"How do I know if I have an infection?","Signs of an infection can include fever, pain, or redness. Keep an eye out and visit our website for a full checklist."
"What measures are in place to protect my personal data?","We employ advanced encryption protocols and adhere to strict security standards to safeguard your personal data. For detailed information, please visit our website."
"How is my medical data used?","Your medical data is used exclusively to provide personalized healthcare services and improve our system. We do not share your data with third parties without your consent. Please refer to our privacy policy on our website."
"Can I request the deletion of my data?","Yes, you have the right to request deletion of your personal data in accordance with applicable data protection laws. For instructions on how to proceed, please visit our website."
"Who has access to my data?","Access to your data is strictly limited to authorized personnel who need it to deliver our services. For more details on our access protocols, please check our website."
"Is my data shared with third parties?","We only share your data with third parties when required by law or with your explicit consent. For further information, please review our privacy policy on our website."
"How do you ensure data privacy compliance?","We comply with relevant data protection regulations and regularly review our policies to ensure your data remains secure and private. Visit our website for comprehensive details."
"Hey, how’s it going?","Hey there! I’m doing great, thanks for asking! How can I assist you today?"
"What’s the weather like today?","I’m not a weather expert, but I’d be happy to help with something else! Anything on your mind health-wise?"
"Feeling a bit down, any tips?","Sorry to hear you’re feeling down! A warm drink or a quick walk might lift your spirits. For more ideas on boosting your mood, check out our website."
"Can you tell me a joke?","Sure! Why don’t skeletons fight each other? Because they don’t have the guts! Feeling better? I’m here to help with any questions too."
"How’s your day been so far?","My day’s been good, thanks! How about yours? Anything I can help you with on the healthcare front?"
"What do you do for fun?","I’m an AI, so I mostly enjoy chatting with folks like you and helping out! What about you—what brings you here today?"
"Got any weekend plans?","I don’t have weekends off, but I’m guessing you might! Planning anything fun? I can help with health tips if you need them."
"Can you recommend a good book?","I’m not much of a reader myself, but how about something health-related? Our website has great resources if you’re into that!"
"Are you a real person?","Nope, I’m an AI assistant designed to help you out! But I promise I’m just as friendly—how can I assist you today?"
"What’s the best part of your job?","Helping people like you is definitely the highlight! What’s on your mind today—any health questions?"
"How can I tell if a cold is turning into something more serious?","While I'm not a doctor, a common cold usually involves mild symptoms like a runny nose and slight cough. However, if you experience high fever, severe headache, or difficulty breathing, please visit our website for advice on getting professional help."
"I am not feeling well","Feeling unwell and tired can slow you down—rest and drink fluids. For more ways to feel better, visit our website."
"How can I check my appointment details?","Log in to your CureIt account and go to the 'Appointments' section on your dashboard. Here, you can view details such as the appointment date, time, doctor’s name, and your queue position."
"How do I check my queue position?","Your queue position is updated in real time and displayed on your dashboard. This shows your place in line relative to other patients."
"How long does it typically take for my appointment?","The wait time depends on the current queue length and the doctor’s availability. You can check the estimated wait time on your dashboard, which updates dynamically."
"How do I reschedule my appointment?","Currently, rescheduling is not available. If you need to change your appointment, kindly cancel the existing one and book a new appointment."
"How can I cancel my appointment?","To cancel an appointment, go to your dashboard, select the appointment you want to cancel, and click ‘Cancel Appointment.’ Note that cancellation policies may apply, so check the terms before proceeding."
"Will I receive notifications about my appointment and queue status?","Yes, you will receive email notifications for appointment confirmations, queue updates, and any delays. Ensure your registered email is correct to receive timely updates."
"How do I view available appointment slots?","Visit the ‘Book Appointment’ section on the website, where you can see the available slots for different doctors based on their schedules."
"How do I update my contact details for notifications?","You can update your contact information in the ‘Profile’ section of your dashboard. Keeping your details up to date ensures you receive important notifications."
"Who should I contact if I encounter any issues?","If you need assistance, email our support team at cureitwell@gmail.com, and we’ll be happy to help."
"How do I check if my appointment is confirmed?","After booking, you will receive an email confirmation. You can also check your appointment status in the ‘Appointments’ section of your dashboard."
"What does my queue position indicate?","Your queue position shows how many patients are ahead of you. A lower number means your appointment is coming up soon."
"How do I see my past appointments?","You can view your appointment history in the ‘Appointments’ section under the ‘Past Appointments’ tab."
"What happens if I miss my appointment?","If you miss your appointment, you may need to rebook. Please check your dashboard for available slots or contact support for further assistance."
"How is the estimated wait time calculated?","The system calculates wait time based on the number of patients ahead of you, the average consultation duration, and any unexpected delays."
"Can I book multiple appointments in advance?","Yes, you can book multiple appointments, but each appointment will have its own separate booking confirmation and queue status."
"Is there a limit on how far in advance I can book an appointment?","You can book an appointment up to 6 months in advance. For long-term scheduling, please contact our support team."
"What should I do if the wait time is longer than expected?","If the wait time exceeds the estimate, check your dashboard for updates or contact our support team for more information."
"Are there any fees for rescheduling or canceling an appointment?","Appointment booking is free, and cancellations are also free. However, if policies change, they will be mentioned in the terms and conditions."
"How often is my queue status updated?","Your queue status updates in real time as appointments progress, ensuring you always have the latest information."
"Can I check if there are any delays in my appointment schedule?","Yes, any delays will be reflected on your dashboard, and you will receive an email notification if your appointment is affected."
"What is CureIt?","CureIt is an AI-powered doctor appointment booking platform that helps you schedule medical consultations effortlessly, reducing waiting times and streamlining healthcare access."
"Can I book an appointment for someone else?","Yes, you can book an appointment for a family member or friend. Just enter their details during the booking process."
"Can I choose a specific doctor for my appointment?","Yes, you can filter doctors based on their specialization, availability, and experience when booking an appointment."
"What happens if my doctor is unavailable?","If your doctor is unavailable due to an emergency, we will notify you and offer alternatives such as rescheduling or choosing another doctor."
"Do you offer video consultations?","No, we currently do not offer video consultations."
"Can I get a prescription after my consultation?","Yes, after your consultation, the doctor may issue a digital prescription, which you can download from your dashboard."
"Do I need to bring any documents for my appointment?","Some doctors may require medical history, test results, or identification. Check the appointment details for any specific requirements."
"How do I make a payment for my appointment?","Appointments are currently free of charge. If paid consultations are introduced in the future, payment details will be provided during booking."
"Is my medical information secure?","Yes, we use industry-standard encryption and data security measures to protect your medical and personal information."
"How do I provide feedback about my consultation?","After your appointment, you will receive an email with a feedback request. You can also rate your experience in the ‘Feedback’ section of your dashboard."
"Can I set reminders for my appointments?","Yes, you will receive an automated email reminder one day before your scheduled appointment."
